sample_id,num_targets,angle_loud_target_deg,angle_quiet_target_deg,distance_loud_m,distance_quiet_m,SNR_difference_db,steer_angle_deg,noise_db_below_loud,beamformed_path,stft_path,multichannel_path
0,2,16.435402478574517,12.088322132475405,361.8720282583222,2808.062270010988,27.132715515343598,12.17557211540625,34.58993121967997,beamformed\sample_000000.wav,stft\sample_000000.npz,multichannel\sample_000000.npy
1,2,-10.467356027585922,-23.839537510339504,540.3798997168794,2947.1551151839094,25.377380504301193,-23.79148999340338,26.190627365711194,beamformed\sample_000001.wav,stft\sample_000001.npz,multichannel\sample_000001.npy
2,1,-5.960573732942031,nan,207.92301103006196,nan,nan,-23.279099984750523,24.739748761553955,beamformed\sample_000002.wav,stft\sample_000002.npz,multichannel\sample_000002.npy
3,2,-27.56934360235492,-6.628160590712248,654.1940339316083,2841.696783913466,19.60835556786424,-5.939993281569841,23.375031458951796,beamformed\sample_000003.wav,stft\sample_000003.npz,multichannel\sample_000003.npy
4,1,58.109284770367836,nan,247.01341256442447,nan,nan,48.75045670865745,34.12793191898867,beamformed\sample_000004.wav,stft\sample_000004.npz,multichannel\sample_000004.npy
